name,duration
v3-lr-01-40lb-FITS-batch++,1130.1416690349579
v3-lr-01-44lb-FITS-batch++,2110.1374773979187
