name,duration
dlinear-media-lb-112-0.7-1.0,617.0310809612274
dlinear-media-lb-112-0.85-1.0,769.6948328018188
